{
	"reference1": "Dewar, M.J.S. and Thiel, W., J. Am. Chem. Soc., 1977",
	"reference2": "Husch, T., Vaucher, A. C., and Reiher, M., Int. J. Quantum Chem, 2018",
	"elements": {
		"1": {
			"uss": -11.9062760,
			"upp": null,
			"zs": 1.3319670,
			"zp": null,
			"betas": -6.9890640,
			"betap": null,
			"gss": 12.848,
			"gpp": null,
			"gsp": null,
			"gp2": null,
			"hsp": null,
			"alp": 2.5441341},
		"2": {
			"uss": -54.403,
			"upp": null,
			"zs": 2.0179064,
			"zp": null,
			"betas": -28.6938694,
			"betap": null,
			"gss": 29.823,
			"gpp": null,
			"gsp": null,
			"gp2": null,
			"hsp": null,
			"alp": 3.2620769},
		"3": {
			"uss": -5.1280000,
			"upp": -2.7212000,
			"zs": 0.7023800,
			"zp": 0.7023800,
			"betas": -1.3500400,
			"betap": -1.3500400,
			"gss": 7.3000000,
			"gpp": 5.0000000,
			"gsp": 5.4200000,
			"gp2": 4.5200000,
			"hsp": 0.8300000,
			"alp": 1.2501400},
		"4": {
			"uss": -16.6023780,
			"upp": -10.7037710,
			"zs": 1.0042100,
			"zp": 1.0042100,
			"betas": -4.0170960,
			"betap": -4.0170960,
			"gss": 9.00,
			"gpp": 6.97,
			"gsp": 7.43,
			"gp2": 6.22,
			"hsp": 1.28,
			"alp": 1.6694340},
		"5": {
			"uss": -34.5471300,
			"upp": -23.1216900,
			"zs": 1.5068010,
			"zp": 1.5068010,
			"betas": -8.2520540,
			"betap": -8.2520540,
			"gss": 10.59,
			"gpp": 8.86,
			"gsp": 9.56,
			"gp2": 7.86,
			"hsp": 1.81,
			"alp": 2.1349930},
		"6": {
			"uss": -52.2797450,
			"upp": -39.2055580,
			"zs": 1.7875370,
			"zp": 1.7875370,
			"betas": -18.9850440,
			"betap": -7.9341220,
			"gss": 12.23,
			"gpp": 11.08,
			"gsp": 11.47,
			"gp2": 9.84,
			"hsp": 2.43,
			"alp": 2.5463800},
		"7": {
			"uss": -71.9321220,
			"upp": -57.1723190,
			"zs": 2.2556140,
			"zp": 2.2556140,
			"betas": -20.4957580,
			"betap": -20.4957580,
			"gss": 13.59,
			"gpp": 12.98,
			"gsp": 12.66,
			"gp2": 11.59,
			"hsp": 3.14,
			"alp": 2.8613420},
		"8": {
			"uss": -99.6443090,
			"upp": -77.7974720,
			"zs": 2.6999050,
			"zp": 2.6999050,
			"betas": -32.6880820,
			"betap": -32.6880820,
			"gss": 15.42,
			"gpp": 14.52,
			"gsp": 14.48,
			"gp2": 12.98,
			"hsp": 3.94,
			"alp": 3.1606040},
		"9": {
			"uss": -131.0715480,
			"upp": -105.7821370,
			"zs": 2.8484870,
			"zp": 2.8484870,
			"betas": -48.2904660,
			"betap": -36.5085400,
			"gss": 16.92,
			"gpp": 16.71,
			"gsp": 17.25,
			"gp2": 14.91,
			"hsp": 4.83,
			"alp": 3.4196606},
		"10": {
			"uss": null,
			"upp": null,
			"zs": null,
			"zp": null,
			"betas": null,
			"betap": null,
			"gss": null,
			"gpp": null,
			"gsp": null,
			"gp2": null,
			"hsp": null,
			"alp": null}
		}
}
