{
	"1s":{
		"exp": [2.310303149e01, 4.235915534e00, 1.185056519e00,
		       	4.070988982e-01, 1.580884151e-01, 6.510953954e-02],
		"coeff": [9.163596280e-03, 4.936149294e-02, 1.685383049e-01,
			3.705627997e-01, 4.164915298e-01, 1.303340841e-01]
	},
	"2s":{
		"exp": [2.768496241e01, 5.077140627e00, 1.426786050e00,
			2.040335729e-01, 9.260298399e-02, 4.416183978e-02],
		"coeff": [-4.151277819e-03, -2.067024148e-02, -5.150303337e-02,
			3.346271174e-01, 5.621061301e-01, 1.712994697e-01]
	},
	"2p":{
		"exp": [5.868285913e00, 1.530329631e00, 5.475665231e-01,
			2.288932733e-01, 1.046655969e-01, 4.948220127e-02],
		"coeff": [7.924233646e-03, 5.144104825e-02, 1.898400060e-01,
			4.049863191e-01, 4.012362861e-01, 1.051855189e-01]
	},
	"3s":{
		"exp": [3.273031938e00, 9.200611311e-01, 3.593349765e-01,
			8.636686991e-02, 4.797373812e-02, 2.724741144e-02],
		"coeff": [-6.775596947e-03, -5.639325779e-02, -1.587856086e-01,
			5.534527651e-01, 5.015351020e-01, 7.223633674e-02]
	},
	"3p":{
		"exp": [5.077973607e00, 1.340786940e00, 2.248434849e-01,
			1.131741848e-01, 6.076408893e-02, 3.315424265e-02],
		"coeff": [-3.329929840e-03, -1.419488340e-02, 1.639395770e-01,
			4.485358256e-01, 3.908813050e-01, 7.411456232e-02]
	}
}
